residue,CFP-AF532 Rangefinder predictions,
1,0.0,
2,0.0,
3,0.0,
4,0.0,
5,0.0,
6,0.0,
7,0.0,
8,0.0,
9,0.0,
10,0.0,
11,0.0,
12,0.0,
13,0.0,
14,0.0,
15,0.0,
16,0.0,
17,0.0,
18,0.0,
19,0.0,
20,0.0,
21,0.0,
22,0.0,
23,0.0,
24,0.0,
25,0.0,
26,0.0,
27,0.0,
28,0.0,
29,0.0,
30,0.0,
31,0.0,
32,0.0,
33,0.0,
34,0.0,
35,0.0,
36,0.0,
37,0.0,
38,0.0,
39,0.0,
40,0.0,
41,0.0,
42,0.0,
43,0.0,
44,0.0,
45,0.0,
46,0.0,
47,0.0,
48,0.0,
49,0.0,
50,0.0,
51,0.0,
52,0.0,
53,0.0,
54,0.0,
55,0.0,
56,0.0,
57,0.0,
58,0.0,
59,0.0,
60,0.0,
61,0.0,
62,0.0,
63,0.0,
64,0.0,
65,0.0,
66,0.0,
67,0.0,
68,0.0,
69,0.0,
70,0.0,
71,0.0,
72,0.0,
73,0.0,
74,0.0,
75,0.0,
76,0.0,
77,0.0,
78,0.0,
79,0.0,
80,0.0,
81,0.0,
82,0.0,
83,0.0,
84,0.0,
85,0.0,
86,0.0,
87,0.0,
88,0.0,
89,0.0,
90,0.0,
91,0.0,
92,0.0,
93,0.0,
94,0.0,
95,0.0,
96,0.0,
97,0.0,
98,0.0,
99,0.0,
100,0.0,
101,0.0,
102,0.0,
103,0.0,
104,0.0,
105,0.0,
106,0.0,
107,0.0,
108,0.0,
109,0.0,
110,0.0,
111,0.12470911652917711,
112,0.09454810183967817,
113,0.20206200202132252,
114,0.1484969409590136,
115,0.1614375720379415,
116,0.20205085760644984,
117,0.17135409451296896,
118,0.17880738760013112,
119,0.12091092149033221,
120,0.1273678898097724,
121,0.13974973540351637,
122,0.11055746403870334,
123,0.08450237241490115,
124,0.07542777661088192,
125,0.09450035252362646,
126,0.07996574405947299,
127,0.04971806633507239,
128,0.0665008784621483,
129,0.1161330672614123,
130,0.09432519711775378,
131,0.08433219150714234,
132,0.13171309774739579,
133,0.13701453905235625,
134,0.10116271503605102,
135,0.11548456365979852,
136,0.15788595414641443,
137,0.12703843165442244,
138,0.10922024896259101,
139,0.1473546767738594,
140,0.17361185108945879,
141,0.13126540722321917,
142,0.14364296068155516,
143,0.19276968085101231,
144,0.21868793540202175,
145,0.2342863106392767,
146,0.20154694396438208,
147,0.271063326354705,
148,0.3810134654349007,
149,0.469785342455965,
150,0.6510083747898617,
151,0.641590130085575,
152,0.9030275923558649,
153,0.8503638126380706,
154,0.6136215335398859,
155,0.47562275357664074,
156,0.41287124928908764,
157,0.37326055030621813,
158,0.3082271601268986,
159,0.18182678368798552,
160,0.1837639684543151,
161,0.21942709522788892,
162,0.1362298098962451,
163,0.07451842738058463,
164,0.05180846601950919,
165,0.0533517357370324,
166,0.10087011011835756,
167,0.07155698464844412,
168,0.1453957345919031,
169,0.04312760027714342,
170,-0.08169467524042467,
171,-0.18324643723093575,
172,-0.2571593151509908,
173,-0.3581898460569376,
174,-0.3775746220168241,
175,-0.29204085036539856,
176,-0.16938645146265985,
177,-0.09273082923112283,
178,0.0404035419706349,
179,0.08428600082794246,
180,0.03909874435811038,
181,0.12299605175857303,
182,0.11107020207463657,
183,0.2563826971641856,
184,0.23095789248881593,
185,0.13296011442743094,
186,0.10484740960136672,
187,0.1038831142630865,
188,0.17776193346025962,
189,0.18697812046373913,
190,0.14192052600195626,
191,0.1839681764380859,
192,0.26175206332510836,
193,0.21200493035856127,
194,0.18580682382171684,
195,0.25897393396267565,
196,0.29343098954241376,
197,0.21369188207675116,
198,0.22883634943398617,
199,0.29560870248281335,
200,0.25375943331655715,
201,0.19813338626994081,
202,0.24259058881089335,
203,0.22989555331923409,
204,0.3197929789528026,
205,0.4358934686372689,
206,0.5384965241935554,
207,0.7143192873746543,
208,0.6674332933095475,
209,0.8534128716735089,
210,0.8593252110560974,
211,0.9040917753875065,
212,0.7144617506998556,
213,0.5839193392357066,
214,0.6190631688591375,
215,0.6135071199373354,
216,0.4727350784165527,
217,0.38044652592816264,
218,0.43404130424782794,
219,0.3975466324900628,
220,0.2877272871344772,
221,0.3027009394119577,
222,0.28561883134614696,
223,0.209434529084791,
224,0.2374040439511929,
225,0.3205826804499787,
226,0.31103681711557307,
227,0.3824090043779738,
228,0.346703777455094,
229,0.2774486215756865,
230,0.46125137637979774,
231,0.48811150167628425,
232,0.34070781067942424,
233,0.43404052815134037,
234,0.5430254778693193,
235,0.39148633378779274,
236,0.3261988004767336,
237,0.4650266831322822,
238,0.4123996933709422,
239,0.29668652470295387,
240,0.25424286046847316,
241,0.1661472565407377,
242,0.16999988467342542,
243,0.11222202963262827,
244,0.11582595802558379,
245,0.07416082286970864,
246,0.05335426491748986,
247,0.09647611775980688,
248,0.08346506382991467,
249,0.05353406886641666,
250,0.07491205217259096,
251,0.04485499078279221,
252,0.011772421885393089,
253,0.004718032825383219,
254,0.008533459281670914,
255,0.06684433889347807,
256,0.049195929441609124,
257,0.12258823872368664,
258,0.10894686398783253,
259,0.0,
260,0.0,
261,0.0,
262,0.0,
263,0.0,
264,0.0,
265,0.0,
266,0.0,
267,0.0,
268,0.0,
269,0.0,
270,0.0,
271,0.0,
272,0.0,
273,0.0,
274,0.0,
275,0.0,
276,0.0,
277,0.0,
278,0.0,
279,0.0,
280,0.0,
281,0.0,
282,0.0,
283,0.0,
284,0.0,
285,0.0,
286,0.01798256416348226,
287,0.0038237093338178703,
288,-0.011694634983137692,
289,0.00511290898008473,
290,-0.0019459277520287677,
291,0.008096021124687708,
292,-0.00629285029500449,
293,-0.0035836485993490136,
294,-0.002248031453529228,
295,-0.013295099238898838,
296,0.005038559202128338,
297,0.02055898492802637,
298,0.01815238413907519,
299,0.018646559395557157,
300,0.04597194549082764,
301,0.011865411785055478,
302,0.02387234817768887,
303,0.002030702803604181,
304,-0.0011946152773757166,
305,0.000494395885817495,
306,-0.00540884795243157,
307,0.002380851724438505,
308,0.009712901460029863,
309,0.013991691213482553,
310,-0.0028486907106479867,
311,0.019942065062277838,
312,0.01054893526861643,
313,-0.018661336010534026,
314,0.027906904411087605,
315,0.02347424579956384,
316,0.07348750061752234,
317,0.010295415646650777,
318,-0.041795264369275824,
319,0.0013457277494952915,
320,0.015854666687557733,
321,-0.09338209892756316,
322,-0.06855041503549716,
323,0.0024927400948357185,
324,-0.045111708543736834,
325,-0.13501567981893117,
326,-0.06731139580747608,
327,-0.017513069866673534,
328,-0.011034502464807822,
329,-0.03559048775327883,
330,0.04544640062088634,
331,0.04030145765508886,
332,0.05980566344213778,
333,0.09900949274916682,
334,0.45656665178165323,
335,0.47868859641777817,
336,0.5089828902822553,
337,0.8392131338556782,
338,0.8590562213043619,
339,0.5892264966720133,
340,0.7442949425055114,
341,1.0768536754125708,
342,0.8252242480559641,
343,0.6383566171071501,
344,0.8527676041607664,
345,0.9078102361073723,
346,0.6304830344659131,
347,0.5609815021790098,
348,0.7209476527432783,
349,0.670783031634745,
350,0.4845405865295695,
351,0.4826628319549347,
352,0.5752789770814731,
353,0.44748743160001814,
354,0.5465675155476498,
355,0.4687838679250928,
356,0.33575742471635284,
357,0.3206777927850093,
358,0.27918119309633427,
359,0.37351300677080856,
360,0.468620508337915,
361,0.37462168209829777,
362,0.37124449791595626,
363,0.5371572055409496,
364,0.5442510352219654,
365,0.38275432664431613,
366,0.49855879153582944,
367,0.6869963717166231,
368,0.5218735067699631,
369,0.3895690261797469,
370,0.5132099703068987,
